FilterCode,PythonQuery
T2,"(relative_volume > 1.0) & (change_1w_percent < 15.0) & (rsi_14 > 50) & (rsi_14 < 65) & (adx_14 > 30) & (adx_14 < 60) & (stochrsi_k_14_14_3_3 < 20.0) & cross_down(stochrsi_d_14_14_3_3, stochrsi_k_14_14_3_3)"
T3,(relative_volume > 1.5) & (rsi_14 > 50.0) & (mom_10 > 1.0) & (sma_5 < close) & (sma_10 < close) & (sma_200 < close)
T5,(relative_volume > 1.3) & (rsi_14 > 55.0) & (ema_5 < close) & (ema_20 < ema_5) & (ema_50 < ema_20) & (cci_20 > 100.0) & (vwma_20 < close) & (ichimoku_conversionline < ichimoku_baseline)
T6,(relative_volume > 1.7) & (close > bbu_20_2) & (macd_line > macd_signal) & (psarl_0_02_0_2 < close) & (stochrsi_k_14_14_3_3 > stochrsi_d_14_14_3_3)
T7,(relative_volume < 2.0) & (close > open) & (low < sma_50) & (sma_50 < close) & (stochrsi_k_14_14_3_3 > stochrsi_d_14_14_3_3)
T10,(relative_volume > 1.5) & (mom_10 > 1) & (mom_10 < 4) & (macd_line > macd_signal) & (psarl_0_02_0_2 < close) & (stochrsi_k_14_14_3_3 > stochrsi_d_14_14_3_3) & (ichimoku_conversionline > ichimoku_baseline) & (ichimoku_baseline < close) & (isa_9 > isb_26)
T11,(relative_volume > 1.3) & (change_1w_percent > 3.0) & (change_1w_percent < 15.0) & (willr_14 > -100) & (willr_14 < -70)
T17,"(relative_volume > 1.3) & (change_1w_percent < 15.0) & cross_up(sma_10, sma_50)"
T18,(relative_volume > 1.5) & (rsi_14 > 30) & (rsi_14 < 80) & (adx_14 > 20.0) & (dmp_14 > dmn_14) & (ema_10 < close) & (ema_50 < close) & (ema_200 < close) & (macd_line > macd_signal) & (psarl_0_02_0_2 < close) & (mfi_14 > 50.0) & (cmf_20 > 0.2) & (hma_9 < close) & (stochrsi_k_14_14_3_3 > stochrsi_d_14_14_3_3) & (ichimoku_conversionline < close)
T19,"(change_1w_percent < 15.0) & (open < close) & cross_up(close, sma_20) & (rsi_14 > 50) & (rsi_14 < 55)"
T20,"(relative_volume > 1.3) & (change_1w_percent < 15.0) & cross_up(close, ichimoku_conversionline) & cross_up(stochrsi_k_14_14_3_3, stochrsi_d_14_14_3_3)"
T21,"(relative_volume > 2.0) & cross_up(sma_5, sma_20)"
T24-20,"(relative_volume > 1.5) & (change_1w_percent < 15.0) & cross_up(close, sma_20) & (macd_line > macd_signal) & (psarl_0_02_0_2 < close) & (vwma_20 < close) & (vwap_d < close)"
T24-50,"(relative_volume > 1.5) & (change_1w_percent < 15.0) & cross_up(close, sma_50) & (macd_line > macd_signal) & (psarl_0_02_0_2 < close) & (vwma_20 < close) & (vwap_d < close)"
T24-100,"(relative_volume > 1.5) & (change_1w_percent < 15.0) & cross_up(close, sma_100) & (macd_line > macd_signal) & (psarl_0_02_0_2 < close) & (vwma_20 < close) & (vwap_d < close)"
T24,"(relative_volume > 1.5) & (change_1w_percent < 15.0) & cross_up(close, sma_200) & (macd_line > macd_signal) & (psarl_0_02_0_2 < close) & (vwma_20 < close) & (vwap_d < close)"
T27,"(relative_volume > 1.3) & (change_1w_percent < 10.0) & cross_up(close, ichimoku_conversionline) & (stoch_k > stoch_d)"
T29,"(relative_volume > 1.3) & (change_1w_percent < 15.0) & cross_up(ema_10, ema_20) & (psarl_0_02_0_2 < close)"
T31,"(relative_volume > 1.3) & (change_1w_percent < 15.0) & cross_up(dmp_14, dmn_14) & (macd_line < macd_signal) & (cmf_20 < 0.0) & (stochrsi_k_14_14_3_3 > stochrsi_d_14_14_3_3)"
T32,"(relative_volume > 1.5) & (change_1w_percent < 15.0) & (ema_5 < close) & (ema_20 < ema_5) & (ema_50 < ema_20) & (macd_line > macd_signal) & cross_down(psarl_0_02_0_2, close) & (cci_20 > 90.0)"
T34,"(relative_volume > 1.3) & (change_1w_percent < 15.0) & (atr_14 < 0.4) & cross_up(macd_line, macd_signal)"
T36,"(relative_volume > 1.3) & (change_1w_percent < 15.0) & cross_up(ichimoku_conversionline, ichimoku_baseline) & (isa_9 > isb_26) & (isb_26 < close)"
T37,"(relative_volume > 1.3) & (change_1w_percent < 15.0) & (stochk_14_3_3 > stochd_14_3_3) & (stochd_14_3_3 < 50.0) & (macd_line > macd_signal) & (psarl_0_02_0_2 < close) & cross_up(hma_9, sma_20)"
T38,(relative_volume > 2.5) & (rsi_14 > 50.0) & (mom_10 > 1.0) & (sma_5 < close) & (sma_10 < close) & (sma_200 < close)
T40,"(relative_volume > 1.3) & (change_1w_percent < 15.0) & (close > sma_5) & (sma_10 > sma_20) & cross_up(macd_line, macd_signal)"
T41,(relative_volume > 1.7) & (change_1w_percent < 10.0) & (ema_5 < close) & (ema_10 < close) & (ema_20 < close) & (ema_30 < close) & (ema_50 < close) & (ema_100 < close) & (ema_200 < close) & (macd_line > macd_signal) & (psarl_0_02_0_2 < close) & (vwma_20 < close) & (vwap_d < close)
T42,(relative_volume > 1.3) & (change_1w_percent < 15.0) & (close > open) & (close == high) & (stochk_14_3_3 > stochd_14_3_3) & (macd_line > macd_signal)
T45,(relative_volume > 1.3) & (change_1w_percent < 15.0) & (close > open) & (rsi_14 > 46) & (rsi_14 < 65) & (rsi_7 > 46) & (rsi_7 < 65) & (sma_5 > sma_100) & (hma_9 > low) & (stochrsi_k_14_14_3_3 > stochrsi_d_14_14_3_3)
T53,"(relative_volume > 1.3) & (change_1w_percent < 15.0) & cross_up(rsi_14, 50.0)"
T57,"(relative_volume > 1.5) & (change_1w_percent < 10.0) & cross_up(willr_14, -80)"
T58,"(relative_volume > 1.7) & (change_1w_percent < 10.0) & cross_up(willr_14, -50)"
T59,(relative_volume > 18.0) & (change_1w_percent < 15.0) & (adx_14 > 20.0) & (dmp_14 > dmn_14) & (sma_200 < sma_50) & (aroon_up_14 == 100) & (aroon_down_14 < aroon_up_14) & (psarl_0_02_0_2 < close) & (cmf_20 > 0.0) & (hma_9 < close) & (ichimoku_baseline < ichimoku_conversionline) & (macd_line > macd_signal)
T62,"(relative_volume > 1.3) & (change_1w_percent < 15.0) & cross_up(ema_10, ema_20) & (psarl_0_02_0_2 < close) & (macd_line > macd_signal)"
T63,"(relative_volume > 1.3) & (change_1w_percent < 15.0) & cross_up(ema_5, ema_20)"
T64,"(relative_volume > 1.3) & (change_1w_percent < 15.0) & cross_up(rsi_7, rsi_14) & cross_up(stochrsi_k_14_14_3_3, stochrsi_d_14_14_3_3) & (macd_line > macd_signal) & (psarl_0_02_0_2 < close)"
T65,"(relative_volume > 1.5) & (change_1w_percent < 15.0) & cross_up(sma_5, sma_20)"
T67,(relative_volume > 1.3) & (change_1w_percent < 15.0) & (adx_14 > 20.0) & (dmp_14 > dmn_14) & (sma_200 < sma_50) & (aroon_up_14 == 100) & (aroon_down_14 < aroon_up_14) & (psarl_0_02_0_2 < close) & (cmf_20 > 0.0) & (hma_9 < close) & (ichimoku_baseline < ichimoku_conversionline)
T69,"(relative_volume > 1.3) & cross_up(close, dcm_20_20) & (adx_14 > 20.0)"
T71,"(relative_volume > 1.3) & (change_1w_percent < 15.0) & cross_up(close, ema_5) & cross_up(close, ema_8) & cross_up(close, ema_13) & (macd_line > macd_signal) & (psarl_0_02_0_2 < close)"
T72,"(relative_volume > 1.3) & (change_1w_percent < 15.0) & (close > ema_5) & (close > ema_8) & cross_up(adx_14, 20.0)"
T77,"(relative_volume > 1.3) & (change_1w_percent < 15.0) & (close > sma_5) & cross_up(sma_10, sma_20) & (macd_line > macd_signal)"
T78,(relative_volume > 1.3) & (change_1w_percent < 15.0) & (rsi_14 > 70.0) & (dmp_14 > dmn_14) & (dmn_14 > 12) & (dmn_14 < 20)
T82,"(relative_volume > 1.3) & (change_1w_percent < 15.0) & cross_up(ema_5, ema_50)"
T90,"(relative_volume > 1.3) & (change_1w_percent < 15.0) & (rsi_14 > 50.0) & (adx_14 > 20.0) & cross_down(ema_5, close) & cross_down(ema_10, close) & cross_down(ema_20, close) & (ema_50 < close) & (ema_100 < close) & (ema_200 < close) & cross_up(stochrsi_k_14_14_3_3, stochrsi_d_14_14_3_3) & cross_down(vwma_20, close) & (vwap_d < close)"
T104,(relative_volume > 1.3) & (change_1w_percent < 15.0)
T106,"(relative_volume > 1.5) & (change_1w_percent < 15.0) & (close > sma_20) & (rsi_14 > 55) & (rsi_14 < 75) & cross_up(stochk_14_3_3, stochd_14_3_3) & (bbu_20_2 > close)"
T107,"(relative_volume > 1.3) & (change_1w_percent < 15.0) & cross_up(close, ichimoku_conversionline) & (macd_line > macd_signal) & (isa_9 < close) & (isb_26 < close)"
T110,"(relative_volume > 1.3) & (change_1w_percent < 15.0) & (psarl_0_02_0_2 < close) & (macd_line > macd_signal) & cross_up(stochrsi_k_14_14_3_3, stochrsi_d_14_14_3_3) & cross_up(ichimoku_conversionline, ichimoku_baseline)"
T111,"(relative_volume > 1.3) & (change_1w_percent < 15.0) & cross_up(close, ichimoku_conversionline) & cross_down(ema_20, close) & cross_up(stochrsi_k_14_14_3_3, stochrsi_d_14_14_3_3) & cross_up(willr_14, -50)"
T112,(relative_volume > 1.3) & (change_1w_percent < 15.0) & (close > hma_9) & (adx_14 > 25.0) & (dmn_14 < dmp_14) & (ema_20 < close) & (macd_line > macd_signal) & (stochrsi_k_14_14_3_3 > stochrsi_d_14_14_3_3) & (rsi_14 > 50.0) & (mom_10 > 1.0) & (sma_20 < close) & (psarl_0_02_0_2 < close) & (ichimoku_conversionline < close)
T113,"(relative_volume > 1.3) & (change_1w_percent < 15.0) & (dmp_14 > dmn_14) & (mom_10 > 1.0) & (sma_20 < close) & cross_up(stochrsi_k_14_14_3_3, stochrsi_d_14_14_3_3) & cross_up(willr_14, -50) & cross_down(hma_9, close) & cross_down(ichimoku_conversionline, close) & (adx_14 > 25.0) & (ema_20 < close) & (psarl_0_02_0_2 < close)"
T121,"(relative_volume > 1.3) & (change_1w_percent < 15.0) & cross_up(ema_10, ema_20) & cross_up(stochk_14_3_3, stochd_14_3_3) & (macd_line > macd_signal) & (psarl_0_02_0_2 < close) & cross_up(stochrsi_k_14_14_3_3, stochrsi_d_14_14_3_3) & (ichimoku_conversionline < close)"
T123,"(relative_volume > 1.3) & (change_1w_percent < 15.0) & cross_up(macd_line, macd_signal) & (psarl_0_02_0_2 < close) & (vwma_20 < close) & (vwap_d < close)"
T125-20,"(relative_volume > 1.3) & (change_1w_percent < 15.0) & cross_up(close, sma_20) & cross_up(stochk_14_3_3, stochd_14_3_3) & (vwma_20 < close) & (vwap_d < close) & cross_down(ichimoku_conversionline, close)"
T125-50,"(relative_volume > 1.3) & (change_1w_percent < 15.0) & cross_up(close, sma_50) & cross_up(stochk_14_3_3, stochd_14_3_3) & (vwma_20 < close) & (vwap_d < close) & cross_down(ichimoku_conversionline, close)"
T125-100,"(relative_volume > 1.3) & (change_1w_percent < 15.0) & cross_up(close, sma_100) & cross_up(stochk_14_3_3, stochd_14_3_3) & (vwma_20 < close) & (vwap_d < close) & cross_down(ichimoku_conversionline, close)"
T125,"(relative_volume > 1.3) & (change_1w_percent < 15.0) & cross_up(close, sma_200) & cross_up(stochk_14_3_3, stochd_14_3_3) & (vwma_20 < close) & (vwap_d < close) & cross_down(ichimoku_conversionline, close)"
T300,"(relative_volume > 1.3) & (change_1w_percent < 15.0) & cross_up(close, hma_9)"
T301,"(relative_volume > 1.3) & (change_1w_percent < 15.0) & (macd_line < 0.0) & cross_down(macd_signal, macd_line)"
T302,"(relative_volume > 1.3) & (change_1w_percent < 15.0) & cross_up(close, ema_200) & (vwma_20 < close) & (vwap_d < close)"
T303,"(relative_volume > 1.3) & (change_1w_percent < 15.0) & cross_up(close, sma_200) & cross_down(ema_200, close)"
T304,"(relative_volume > 1.3) & (change_1w_percent < 15.0) & cross_up(close, sma_100) & cross_down(ema_100, close)"
T305,"(relative_volume > 1.3) & (change_1w_percent < 15.0) & cross_up(close, sma_50) & cross_down(ema_50, close)"
T306,"(relative_volume > 1.3) & (change_1w_percent < 15.0) & cross_up(close, sma_20) & cross_down(ema_20, close)"
T307,"(relative_volume > 1.3) & (change_1w_percent < 15.0) & cross_up(close, hma_9) & cross_down(ema_20, close) & cross_down(sma_20, close)"
T308,"(relative_volume > 1.5) & (change_1w_percent < 15.0) & (adx_14 > 25.0) & cross_down(hma_9, close)"
T309,"(relative_volume > 1.3) & (change_1w_percent < 15.0) & (adx_14 > 25.0) & cross_down(ema_10, close) & cross_down(sma_10, close) & cross_down(hma_9, close)"
T310,"(relative_volume > 1.3) & (change_1w_percent < 15.0) & (adx_14 > 25.0) & cross_down(ema_20, close) & cross_down(sma_20, close) & cross_down(hma_9, close) & (psarl_0_02_0_2 < close) & (vwma_20 < close) & (vwap_d < close)"
T311,"(relative_volume > 1.0) & (change_1w_percent < 15.0) & (adx_14 > 20.0) & cross_down(ema_50, close) & cross_down(sma_50, close) & cross_down(hma_9, close) & (psarl_0_02_0_2 < close) & (vwma_20 < close) & (vwap_d < close)"
T312,"(relative_volume > 1.0) & (change_1w_percent < 15.0) & (adx_14 > 20.0) & cross_down(sma_100, close) & cross_down(hma_9, close) & (psarl_0_02_0_2 < close) & (vwma_20 < close) & (vwap_d < close)"
T313,"(relative_volume > 1.0) & (change_1w_percent < 15.0) & (adx_14 > 20.0) & cross_down(ema_200, close) & cross_down(sma_200, close) & cross_down(hma_9, close) & (psarl_0_02_0_2 < close) & (vwma_20 < close) & (vwap_d < close)"
T314,"(relative_volume > 1.3) & (change_1w_percent < 15.0) & (rsi_14 > 50.0) & (adx_14 > 20.0) & (dmp_14 > dmn_14) & (mom_10 > 1.0) & (stochk_14_3_3 > stochd_14_3_3) & (macd_line > macd_signal) & (psarl_0_02_0_2 < close) & cross_down(hma_9, close) & (stochrsi_k_14_14_3_3 > stochrsi_d_14_14_3_3) & (vwma_20 < close) & (vwap_d < close)"
T315,(relative_volume > 1.3) & (change_1w_percent < 15.0) & (rsi_14 > 50.0) & (dmp_14 > dmn_14) & (stochk_14_3_3 > stochd_14_3_3) & (aroon_down_14 < aroon_up_14) & (mfi_14 > 50.0) & (hma_9 < close) & (willr_14 > -80) & (vwma_20 < close) & (vwap_d < close) & (ichimoku_baseline > ichimoku_conversionline) & (adx_14 > 19.0) & (mom_10 > 0.9) & (macd_line > macd_signal) & (psarl_0_02_0_2 < close) & (cmf_20 > _0) & (stochrsi_k_14_14_3_3 > stochrsi_d_14_14_3_3) & (ichimoku_conversionline < close) & (isa_9 > isb_26)
T316,"(relative_volume > 1.3) & (change_1w_percent < 15.0) & (adx_14 > 20.0) & (dmp_14 > dmn_14) & cross_up(stochk_14_3_3, stochd_14_3_3) & (macd_line > macd_signal) & (psarl_0_02_0_2 < close) & cross_down(hma_9, close)"
T317,(relative_volume > 1.5) & (change_1w_percent < 15.0) & (adx_14 > 25.0) & (dmp_14 > dmn_14) & (stochk_14_3_3 > stochd_14_3_3) & (macd_line > macd_signal) & (psarl_0_02_0_2 < close) & (hma_9 < close)
T318,(relative_volume > 1.3) & (change_1w_percent < 15.0) & (adx_14 > 30.0) & (dmp_14 > dmn_14) & (stochk_14_3_3 > stochd_14_3_3) & (macd_line > macd_signal) & (psarl_0_02_0_2 < close) & (hma_9 < close)
T319,(relative_volume > 2.0) & (change_1w_percent < 15.0) & (adx_14 > 20.0) & (dmp_14 > dmn_14) & (stochk_14_3_3 > stochd_14_3_3) & (macd_line > macd_signal) & (psarl_0_02_0_2 < close) & (hma_9 < close)
T320,"(relative_volume > 1.5) & (change_1w_percent < 15.0) & (adx_14 > 25.0) & (dmp_14 > dmn_14) & cross_up(stochk_14_3_3, stochd_14_3_3) & (macd_line > macd_signal) & (psarl_0_02_0_2 < close) & cross_down(hma_9, close)"
T321,"(relative_volume > 1.3) & (change_1w_percent < 15.0) & (adx_14 > 20.0) & (dmp_14 > dmn_14) & (stochk_14_3_3 > stochd_14_3_3) & cross_up(macd_line, macd_signal) & (psarl_0_02_0_2 < close) & (hma_9 < close)"
T322,"(relative_volume > 1.7) & (change_1w_percent < 15.0) & (adx_14 > 23.0) & (dmp_14 > dmn_14) & (stochk_14_3_3 > stochd_14_3_3) & (macd_line > macd_signal) & (psarl_0_02_0_2 < close) & cross_down(hma_9, close)"
T323,"(relative_volume > 1.5) & (change_1w_percent < 15.0) & (adx_14 > 25.0) & (dmp_14 > dmn_14) & cross_up(stochk_14_3_3, stochd_14_3_3) & (macd_line > macd_signal) & (psarl_0_02_0_2 < close) & cross_down(hma_9, close)"
T324,"(relative_volume > 1.3) & (change_1w_percent < 15.0) & (adx_14 > 20.0) & (dmp_14 > dmn_14) & cross_up(stochk_14_3_3, stochd_14_3_3) & (macd_line > macd_signal) & (psarl_0_02_0_2 < close) & cross_down(hma_9, close) & (aroon_down_14 < aroon_up_14) & (stochrsi_k_14_14_3_3 > stochrsi_d_14_14_3_3) & (vwma_20 < close) & (vwap_d < close) & (ichimoku_conversionline < close) & (ichimoku_baseline > ichimoku_conversionline)"
T325,(relative_volume > 2.0) & (change_1w_percent < 15.0) & (adx_14 > 20.0) & (dmp_14 > dmn_14) & (stochk_14_3_3 > stochd_14_3_3) & (macd_line > macd_signal) & (psarl_0_02_0_2 < close) & (hma_9 < close) & (aroon_down_14 < aroon_up_14) & (aroon_up_14 == 100) & (stochrsi_k_14_14_3_3 > stochrsi_d_14_14_3_3) & (vwma_20 < close) & (vwap_d < close) & (ichimoku_conversionline < close) & (ichimoku_baseline > ichimoku_conversionline) & (mom_10 > 1.0) & (mfi_14 > 50.0) & (cmf_20 > 0.0) & (isa_9 > isb_26)
T326,(relative_volume > 1.3) & (change_1d_percent < 15.0) & (adx_14 > 20.0) & (dmp_14 > dmn_14) & (stochk_14_3_3 > stochd_14_3_3) & (macd_line > macd_signal) & (psarl_0_02_0_2 < close) & (hma_9 < close) & (aroon_down_14 < aroon_up_14) & (aroon_up_14 == 100) & (stochrsi_k_14_14_3_3 > stochrsi_d_14_14_3_3) & (vwma_20 < close) & (vwap_d < close) & (ichimoku_conversionline < close) & (ichimoku_baseline > ichimoku_conversionline) & (mom_10 > 1.0) & (mfi_14 > 50.0) & (cmf_20 > 0.0) & (isa_9 > isb_26) & (change_1w_percent < 15.0)
T400,"(relative_volume > 1.3) & (change_1w_percent < 15.0) & cross_up(rsi_14, 65.0) & cross_down(psarl_0_02_0_2, close)"
T401,"(relative_volume > 1.3) & (change_1w_percent < 15.0) & cross_up(rsi_14, 65.0) & cross_up(macd_line, macd_signal)"
T402,"(relative_volume > 1.3) & (change_1w_percent < 15.0) & cross_up(rsi_14, 65.0) & cross_up(stochk_14_3_3, stochd_14_3_3) & cross_up(stochrsi_k_14_14_3_3, stochrsi_d_14_14_3_3)"
T403,"(relative_volume > 1.3) & (change_1w_percent < 15.0) & (rsi_14 < 50.0) & cross_up(stochk_14_3_3, stochd_14_3_3) & cross_up(stochrsi_k_14_14_3_3, stochrsi_d_14_14_3_3) & cross_up(dmp_14, dmn_14)"
T404,"(relative_volume > 1.7) & (change_1w_percent < 15.0) & (rsi_14 < 60.0) & (stochk_14_3_3 > stochd_14_3_3) & (stochrsi_k_14_14_3_3 > stochrsi_d_14_14_3_3) & cross_up(dmp_14, dmn_14)"
T405,"(relative_volume > 1.3) & (change_1w_percent < 15.0) & cross_up(rsi_14, 55.0) & (stochk_14_3_3 > stochd_14_3_3) & (stochrsi_k_14_14_3_3 > stochrsi_d_14_14_3_3) & cross_down(psarl_0_02_0_2, close)"
T406,"(relative_volume > 1.3) & (change_1w_percent < 15.0) & cross_up(rsi_14, 50.0) & cross_up(macd_line, macd_signal)"
T407,"(relative_volume > 1.3) & (change_1w_percent < 15.0) & cross_up(rsi_14, 60.0) & cross_up(stochk_14_3_3, stochd_14_3_3) & cross_up(stochrsi_k_14_14_3_3, stochrsi_d_14_14_3_3)"
T408,(relative_volume > 1.3) & (change_1w_percent < 15.0) & (rsi_14 < 70.0) & (stochk_14_3_3 > stochd_14_3_3) & (stochrsi_k_14_14_3_3 > stochrsi_d_14_14_3_3) & (dmp_14 > dmn_14) & (adx_14 > 30.0) & (aroon_up_14 == 100) & (psarl_0_02_0_2 < close) & (hma_9 < close)
T409,"(relative_volume > 1.3) & (change_1w_percent < 15.0) & (rsi_14 < 60.0) & cross_up(stochk_14_3_3, stochd_14_3_3) & cross_up(stochrsi_k_14_14_3_3, stochrsi_d_14_14_3_3) & cross_down(psarl_0_02_0_2, close)"
T410,"(relative_volume > 1.7) & (change_1w_percent < 15.0) & (rsi_14 < 65.0) & cross_up(dmp_14, dmn_14)"
T411,"(relative_volume > 1.3) & (change_1w_percent < 15.0) & cross_up(dmp_14, dmn_14) & cross_up(macd_line, macd_signal)"
T412,"(relative_volume > 1.3) & (change_1w_percent < 15.0) & cross_up(stochk_14_3_3, stochd_14_3_3) & cross_up(stochrsi_k_14_14_3_3, stochrsi_d_14_14_3_3) & cross_up(dmp_14, dmn_14)"
T413,"(relative_volume > 1.3) & (change_1w_percent < 15.0) & cross_up(dmp_14, dmn_14) & cross_down(psarl_0_02_0_2, close)"
T414,"(relative_volume > 1.7) & (change_1w_percent < 15.0) & cross_up(dmp_14, dmn_14) & (macd_line < 0.0)"
T415,"(relative_volume > 1.3) & (change_1w_percent < 15.0) & cross_up(stochk_14_3_3, stochd_14_3_3) & cross_up(stochrsi_k_14_14_3_3, stochrsi_d_14_14_3_3) & cross_down(psarl_0_02_0_2, close)"
T416,"(relative_volume > 1.5) & (change_1w_percent < 15.0) & (stochk_14_3_3 > stochd_14_3_3) & (stochrsi_k_14_14_3_3 > stochrsi_d_14_14_3_3) & cross_down(psarl_0_02_0_2, close) & (macd_line < 0.0)"
T417,"(relative_volume > 1.3) & (change_1w_percent < 15.0) & (stochk_14_3_3 > 80.0) & cross_down(psarl_0_02_0_2, close)"
T418,"(relative_volume > 1.3) & (change_1w_percent < 15.0) & cross_up(macd_line, 0.0)"
T419,"(relative_volume > 1.3) & (change_1w_percent < 15.0) & cross_up(macd_line, 0.0) & (psarl_0_02_0_2 < close)"
T420,"(relative_volume > 1.3) & (change_1w_percent < 15.0) & cross_up(macd_line, macd_signal) & cross_down(psarl_0_02_0_2, close) & (hma_9 < close) & cross_down(vwma_20, close) & (vwap_d < close)"
T421,"(relative_volume > 1.3) & (change_1w_percent < 15.0) & cross_up(stochk_14_3_3, 20.0) & cross_down(stochd_14_3_3, stochk_14_3_3) & cross_up(stochrsi_k_14_14_3_3, stochrsi_d_14_14_3_3) & (macd_line < 0.0)"
T422,"(relative_volume > 1.7) & (change_1w_percent < 15.0) & cross_up(stochk_14_3_3, stochd_14_3_3) & cross_up(stochrsi_k_14_14_3_3, stochrsi_d_14_14_3_3) & (macd_line < 0.0)"
T423,"(relative_volume > 1.3) & (change_1w_percent < 15.0) & cross_up(stochk_14_3_3, stochd_14_3_3) & cross_up(stochrsi_k_14_14_3_3, stochrsi_d_14_14_3_3) & (macd_line > macd_signal) & (psarl_0_02_0_2 < close) & (rsi_14 < 65.0)"
T424,"(relative_volume > 1.5) & (change_1w_percent < 15.0) & cross_up(stochk_14_3_3, stochd_14_3_3) & cross_up(stochrsi_k_14_14_3_3, stochrsi_d_14_14_3_3) & (stochd_14_3_3 < 20.0)"
T425,"(relative_volume > 1.3) & (change_1w_percent < 15.0) & cross_up(stochk_14_3_3, 20.0) & cross_down(stochd_14_3_3, stochk_14_3_3) & cross_up(stochrsi_k_14_14_3_3, stochrsi_d_14_14_3_3)"
T426,"(relative_volume > 1.3) & (change_1w_percent < 15.0) & (stochk_14_3_3 > stochd_14_3_3) & (stochrsi_k_14_14_3_3 > stochrsi_d_14_14_3_3) & cross_down(psarl_0_02_0_2, close) & cross_up(rsi_14, 65.0)"
T427,"(relative_volume > 1.3) & (change_1w_percent < 15.0) & cross_up(stochk_14_3_3, stochd_14_3_3) & cross_up(stochrsi_k_14_14_3_3, stochrsi_d_14_14_3_3) & (adx_14 > 25.0) & (hma_9 < close) & (rsi_14 < 65.0)"
T428,"(relative_volume > 1.3) & (change_1w_percent < 15.0) & cross_up(stochk_14_3_3, stochd_14_3_3) & cross_up(stochrsi_k_14_14_3_3, stochrsi_d_14_14_3_3) & cross_up(macd_line, macd_signal)"
T429,"(relative_volume > 1.3) & (change_1w_percent < 15.0) & cross_up(macd_line, macd_signal) & (dmp_14 > dmn_14) & (psarl_0_02_0_2 < close) & cross_up(rsi_14, 50.0)"
T430,"(relative_volume > 1.3) & (change_1w_percent < 15.0) & cross_up(macd_line, macd_signal) & cross_down(psarl_0_02_0_2, close) & (rsi_14 < 60.0)"
T431,"(relative_volume > 1.0) & (change_1w_percent < 15.0) & cross_up(stochk_14_3_3, stochd_14_3_3) & cross_up(macd_line, macd_signal) & cross_down(psarl_0_02_0_2, close) & (rsi_14 < 70.0)"
T432,"(relative_volume > 1.3) & (change_1w_percent < 15.0) & cross_up(macd_line, macd_signal) & cross_down(psarl_0_02_0_2, close) & (rsi_14 < 70.0)"
T433,"(relative_volume > 1.0) & (change_1w_percent < 15.0) & cross_up(stochk_14_3_3, stochd_14_3_3) & cross_up(stochrsi_k_14_14_3_3, stochrsi_d_14_14_3_3) & cross_down(psarl_0_02_0_2, close) & (rsi_14 < 70.0)"
T434,"(relative_volume > 1.0) & (change_1w_percent < 15.0) & cross_up(stochk_14_3_3, stochd_14_3_3) & (stochd_14_3_3 < 20.0) & cross_down(psarl_0_02_0_2, close) & (rsi_14 < 70.0)"
T435,"(relative_volume > 1.5) & (change_1w_percent < 15.0) & cross_up(stochk_14_3_3, stochd_14_3_3) & (stochd_14_3_3 < 20.0) & cross_up(stochrsi_k_14_14_3_3, stochrsi_d_14_14_3_3)"
T436,"(relative_volume > 1.3) & (change_1w_percent < 15.0) & (stochk_14_3_3 > stochd_14_3_3) & (stochrsi_k_14_14_3_3 > stochrsi_d_14_14_3_3) & cross_up(rsi_14, 30.0)"
T437,"(relative_volume > 1.3) & (change_1w_percent < 15.0) & cross_down(psarl_0_02_0_2, close) & cross_up(rsi_14, 40.0)"
T438,"(relative_volume > 1.3) & (change_1w_percent < 15.0) & cross_down(psarl_0_02_0_2, close) & cross_up(rsi_14, 50.0)"
T439,"(relative_volume > 1.0) & (change_1w_percent < 15.0) & cross_up(stochk_14_3_3, stochd_14_3_3) & cross_up(stochrsi_k_14_14_3_3, stochrsi_d_14_14_3_3) & (rsi_14 < 70.0) & cross_down(psarl_0_02_0_2, close)"
T440,"(relative_volume > 1.0) & (change_1w_percent < 15.0) & (stochrsi_k_14_14_3_3 > stochrsi_d_14_14_3_3) & cross_up(rsi_14, 70.0) & (hma_9 < close) & (vwma_20 < close) & (vwap_d < close)"
T441,"(relative_volume > 1.3) & (change_1w_percent < 15.0) & cross_up(stochk_14_3_3, stochd_14_3_3) & cross_up(stochrsi_k_14_14_3_3, stochrsi_d_14_14_3_3) & (rsi_14 < 70.0) & cross_down(psarl_0_02_0_2, close)"
T442,"(relative_volume > 1.3) & (change_1w_percent < 15.0) & cross_up(stochk_14_3_3, stochd_14_3_3) & cross_up(stochrsi_k_14_14_3_3, stochrsi_d_14_14_3_3) & cross_down(psarl_0_02_0_2, close) & cross_down(hma_9, close)"
T443,"(relative_volume > 1.3) & (change_1w_percent < 15.0) & cross_up(stochk_14_3_3, stochd_14_3_3) & cross_up(stochrsi_k_14_14_3_3, stochrsi_d_14_14_3_3) & cross_up(dmp_14, dmn_14) & cross_down(hma_9, close)"
T444,"(relative_volume > 1.3) & (change_1w_percent < 15.0) & cross_up(stochk_14_3_3, stochd_14_3_3) & cross_up(stochrsi_k_14_14_3_3, stochrsi_d_14_14_3_3) & cross_down(hma_9, close) & cross_up(macd_line, 0.0)"
T445,"(relative_volume > 1.3) & (change_1w_percent < 15.0) & cross_up(stochk_14_3_3, stochd_14_3_3) & cross_up(stochrsi_k_14_14_3_3, stochrsi_d_14_14_3_3) & cross_down(hma_9, close) & cross_up(macd_line, macd_signal)"
T446,"(relative_volume > 1.0) & (change_1w_percent < 15.0) & (stochk_14_3_3 > stochd_14_3_3) & (stochrsi_k_14_14_3_3 > stochrsi_d_14_14_3_3) & cross_down(hma_9, close) & cross_up(ichimoku_conversionline, ichimoku_baseline)"
T447,"(relative_volume > 1.3) & (change_1w_percent < 15.0) & cross_up(stochk_14_3_3, stochd_14_3_3) & cross_up(stochrsi_k_14_14_3_3, stochrsi_d_14_14_3_3) & cross_down(hma_9, close) & cross_up(rsi_14, 60.0)"
T448,"(relative_volume > 1.3) & (change_1w_percent < 15.0) & cross_up(stochk_14_3_3, stochd_14_3_3) & cross_up(stochrsi_k_14_14_3_3, stochrsi_d_14_14_3_3) & cross_down(hma_9, close) & cross_up(rsi_14, 55.0)"
T449,"(relative_volume > 1.3) & (change_1w_percent < 15.0) & cross_up(stochk_14_3_3, stochd_14_3_3) & cross_up(stochrsi_k_14_14_3_3, stochrsi_d_14_14_3_3) & cross_down(hma_9, close) & cross_up(rsi_14, 50.0)"
T450,"(relative_volume > 1.3) & (change_1w_percent < 15.0) & cross_up(stochk_14_3_3, stochd_14_3_3) & cross_up(stochrsi_k_14_14_3_3, stochrsi_d_14_14_3_3) & cross_down(hma_9, close) & cross_up(rsi_14, 45.0)"
T451,"(relative_volume > 1.3) & (change_1w_percent < 15.0) & cross_up(stochk_14_3_3, stochd_14_3_3) & cross_up(stochrsi_k_14_14_3_3, stochrsi_d_14_14_3_3) & cross_down(hma_9, close) & cross_up(rsi_14, 40.0)"
T452,"(relative_volume > 1.3) & (change_1w_percent < 15.0) & cross_up(stochk_14_3_3, stochd_14_3_3) & cross_up(stochrsi_k_14_14_3_3, stochrsi_d_14_14_3_3) & cross_down(hma_9, close) & cross_up(rsi_14, 35.0)"
T453,"(relative_volume > 1.0) & (change_1w_percent < 15.0) & cross_up(stochk_14_3_3, stochd_14_3_3) & cross_up(stochrsi_k_14_14_3_3, stochrsi_d_14_14_3_3) & cross_down(hma_9, close) & cross_up(rsi_14, 30.0)"
T454,"(relative_volume > 1.0) & (change_1w_percent < 15.0) & cross_up(stochk_14_3_3, stochd_14_3_3) & cross_up(stochrsi_k_14_14_3_3, stochrsi_d_14_14_3_3) & cross_down(hma_9, close) & cross_up(rsi_14, 25.0)"
T455,"(relative_volume > 1.3) & (change_1w_percent < 15.0) & cross_up(rsi_14, 65.0) & cross_down(psarl_0_02_0_2, close)"
T456,"(relative_volume > 1.3) & (change_1w_percent < 15.0) & cross_up(rsi_14, 60.0) & cross_down(psarl_0_02_0_2, close)"
T457,"(relative_volume > 1.3) & (change_1w_percent < 15.0) & cross_up(rsi_14, 55.0) & cross_down(psarl_0_02_0_2, close)"
T458,"(relative_volume > 1.3) & (change_1w_percent < 15.0) & cross_up(rsi_14, 50.0) & cross_down(psarl_0_02_0_2, close)"
T459,"(relative_volume > 1.0) & (change_1w_percent < 15.0) & cross_up(rsi_14, 30.0) & cross_down(psarl_0_02_0_2, close)"
T460,"(relative_volume > 1.3) & (change_1w_percent < 15.0) & cross_up(rsi_14, 60.0) & cross_up(dmp_14, dmn_14)"
T461,"(relative_volume > 1.3) & (change_1w_percent < 15.0) & cross_up(rsi_14, 55.0) & cross_up(dmp_14, dmn_14)"
T462,"(relative_volume > 1.5) & (change_1w_percent < 15.0) & cross_up(rsi_14, 50.0) & cross_up(dmp_14, dmn_14)"
T463,"(relative_volume > 1.0) & (change_1w_percent < 15.0) & cross_up(rsi_14, 30.0) & cross_up(dmp_14, dmn_14)"
T464,"(relative_volume > 1.3) & (change_1w_percent < 15.0) & cross_up(rsi_14, 65.0) & cross_up(macd_line, 0.0)"
T465,"(relative_volume > 1.3) & (change_1w_percent < 15.0) & cross_up(rsi_14, 60.0) & cross_up(macd_line, 0.0)"
T466,"(relative_volume > 1.3) & (change_1w_percent < 15.0) & cross_up(rsi_14, 55.0) & cross_up(macd_line, 0.0)"
T467,"(relative_volume > 1.0) & (change_1w_percent < 15.0) & cross_up(rsi_14, 50.0) & cross_up(macd_line, 0.0)"
T468,"(relative_volume > 1.3) & (change_1w_percent < 15.0) & cross_up(rsi_14, 65.0) & cross_up(macd_line, macd_signal)"
T469,"(relative_volume > 1.3) & (change_1w_percent < 15.0) & cross_up(rsi_14, 60.0) & cross_up(macd_line, macd_signal)"
T470,"(relative_volume > 1.3) & (change_1w_percent < 15.0) & cross_up(rsi_14, 55.0) & cross_up(macd_line, macd_signal)"
T471,"(relative_volume > 1.3) & (change_1w_percent < 15.0) & cross_up(rsi_14, 50.0) & cross_up(macd_line, macd_signal)"
T472,"(relative_volume > 1.3) & (change_1w_percent < 15.0) & cross_up(rsi_14, 35.0) & cross_up(macd_line, macd_signal)"
T473,"(relative_volume > 1.0) & (change_1w_percent < 15.0) & cross_up(rsi_14, 65.0) & cross_up(ichimoku_conversionline, ichimoku_baseline)"
T474,"(relative_volume > 1.0) & (change_1w_percent < 15.0) & cross_up(rsi_14, 60.0) & cross_up(ichimoku_conversionline, ichimoku_baseline)"
T475,"(relative_volume > 1.0) & (change_1w_percent < 15.0) & cross_up(rsi_14, 55.0) & cross_up(ichimoku_conversionline, ichimoku_baseline)"
T476,"(relative_volume > 1.0) & (change_1w_percent < 15.0) & cross_up(rsi_14, 50.0) & cross_up(ichimoku_conversionline, ichimoku_baseline)"
T477,"(relative_volume > 1.3) & (change_1w_percent < 15.0) & (rsi_14 < 70.0) & (ichimoku_conversionline > ichimoku_baseline) & (dmp_14 > dmn_14) & cross_up(stochk_14_3_3, stochd_14_3_3) & (macd_line > macd_signal) & (psarl_0_02_0_2 < close) & (hma_9 < close) & cross_up(stochrsi_k_14_14_3_3, stochrsi_d_14_14_3_3)"
T478,(relative_volume > 1.3) & (change_1w_percent < 15.0) & (rsi_14 < 70.0) & (ichimoku_conversionline > ichimoku_baseline) & (dmp_14 > dmn_14) & (stochk_14_3_3 > stochd_14_3_3) & (macd_line > macd_signal) & (psarl_0_02_0_2 < close) & (hma_9 < close) & (stochrsi_k_14_14_3_3 > stochrsi_d_14_14_3_3)
T500,(change_1w_percent < 15.0) & (close > bbm_20_2) & (adx_14 > 20.0)
T501,"(relative_volume > 1.5) & (change_1w_percent < 15.0) & (adx_14 > 20.0) & cross_up(dmp_14, dmn_14)"
T502,"(relative_volume > 2.0) & (change_1w_percent < 15.0) & cross_up(mfi_14, 50.0)"
T503,"(relative_volume > 2.0) & (change_1w_percent < 15.0) & cross_up(close, bbm_20_2)"
T504,"(relative_volume > 1.3) & (change_1w_percent < 15.0) & cross_up(mfi_14, 50.0) & cross_up(close, sma_21) & (rsi_7 > 50.0)"
T505,"(relative_volume > 1.3) & (change_1w_percent < 15.0) & cross_up(mfi_14, 50.0) & (rsi_7 > 50.0) & cross_up(close, ema_21)"
T507,"(relative_volume > 1.5) & (change_1w_percent < 15.0) & cross_up(close, ema_10) & (ema_10 > sma_50)"
T546-20,"(relative_volume > 1.0) & (change_1w_percent < 15.0) & cross_up(close, sma_20) & cross_up(stochk_14_3_3, stochd_14_3_3) & cross_up(macd_line, macd_signal) & (psarl_0_02_0_2 < close) & (vwma_20 < close) & (vwap_d < close) & cross_down(ichimoku_conversionline, close)"
T546-50,"(relative_volume > 1.0) & (change_1w_percent < 15.0) & cross_up(close, sma_50) & cross_up(stochk_14_3_3, stochd_14_3_3) & cross_up(macd_line, macd_signal) & (psarl_0_02_0_2 < close) & (vwma_20 < close) & (vwap_d < close) & cross_down(ichimoku_conversionline, close)"
T546-100,"(relative_volume > 1.0) & (change_1w_percent < 15.0) & cross_up(close, sma_100) & cross_up(stochk_14_3_3, stochd_14_3_3) & cross_up(macd_line, macd_signal) & (psarl_0_02_0_2 < close) & (vwma_20 < close) & (vwap_d < close) & cross_down(ichimoku_conversionline, close)"
T546,"(relative_volume > 1.0) & (change_1w_percent < 15.0) & cross_up(close, sma_200) & cross_up(stochk_14_3_3, stochd_14_3_3) & cross_up(macd_line, macd_signal) & (psarl_0_02_0_2 < close) & (vwma_20 < close) & (vwap_d < close) & cross_down(ichimoku_conversionline, close)"
T601,"(relative_volume > 1.0) & (change_1w_percent < 15.0) & cross_up(stochk_14_3_3, stochd_14_3_3) & cross_up(stochrsi_k_14_14_3_3, stochrsi_d_14_14_3_3) & cross_down(hma_9, close) & cross_up(rsi_14, 20.0)"
T602,"(relative_volume > 1.0) & (change_1w_percent < 15.0) & cross_up(stochk_14_3_3, stochd_14_3_3) & cross_up(stochrsi_k_14_14_3_3, stochrsi_d_14_14_3_3) & cross_down(hma_9, close) & cross_up(rsi_14, 25.0)"
T603,"(relative_volume > 1.0) & (change_1w_percent < 15.0) & cross_up(stochk_14_3_3, stochd_14_3_3) & cross_up(stochrsi_k_14_14_3_3, stochrsi_d_14_14_3_3) & cross_down(hma_9, close) & cross_up(rsi_14, 30.0)"
T604,"(relative_volume > 1.0) & (change_1w_percent < 15.0) & cross_up(stochk_14_3_3, stochd_14_3_3) & cross_up(stochrsi_k_14_14_3_3, stochrsi_d_14_14_3_3) & cross_down(hma_9, close) & cross_up(rsi_14, 35.0)"
T605,"(relative_volume > 1.0) & (change_1w_percent < 15.0) & cross_up(stochk_14_3_3, stochd_14_3_3) & cross_up(stochrsi_k_14_14_3_3, stochrsi_d_14_14_3_3) & cross_down(hma_9, close) & cross_up(rsi_14, 40.0)"
T606,"(relative_volume > 1.0) & (change_1w_percent < 15.0) & cross_up(stochk_14_3_3, stochd_14_3_3) & cross_up(stochrsi_k_14_14_3_3, stochrsi_d_14_14_3_3) & cross_down(hma_9, close) & cross_up(rsi_14, 45.0)"
T607,"(relative_volume > 1.3) & (change_1w_percent < 15.0) & cross_up(stochk_14_3_3, stochd_14_3_3) & cross_up(stochrsi_k_14_14_3_3, stochrsi_d_14_14_3_3) & cross_down(hma_9, close) & cross_up(rsi_14, 50.0)"
T608,"(relative_volume > 1.3) & (change_1w_percent < 15.0) & cross_up(stochk_14_3_3, stochd_14_3_3) & cross_up(stochrsi_k_14_14_3_3, stochrsi_d_14_14_3_3) & cross_down(hma_9, close) & cross_up(rsi_14, 55.0)"
T609,"(relative_volume > 1.3) & (change_1w_percent < 15.0) & cross_up(stochk_14_3_3, stochd_14_3_3) & cross_up(stochrsi_k_14_14_3_3, stochrsi_d_14_14_3_3) & cross_down(hma_9, close) & cross_up(rsi_14, 60.0)"
T609-65,"(relative_volume > 1.0) & (change_1w_percent < 15.0) & cross_up(stochk_14_3_3, stochd_14_3_3) & cross_up(stochrsi_k_14_14_3_3, stochrsi_d_14_14_3_3) & cross_down(hma_9, close) & cross_up(rsi_14, 65.0)"
T610,"(relative_volume > 1.0) & (change_1w_percent < 15.0) & cross_up(stochk_14_3_3, stochd_14_3_3) & cross_up(stochrsi_k_14_14_3_3, stochrsi_d_14_14_3_3) & cross_down(hma_9, close) & cross_up(rsi_14, 70.0)"
T610-75,"(relative_volume > 1.0) & (change_1w_percent < 15.0) & cross_up(stochk_14_3_3, stochd_14_3_3) & cross_up(stochrsi_k_14_14_3_3, stochrsi_d_14_14_3_3) & cross_down(hma_9, close) & cross_up(rsi_14, 75.0)"
T611,"(relative_volume > 1.0) & (change_1w_percent < 15.0) & cross_up(stochk_14_3_3, 20.0) & cross_down(stochd_14_3_3, stochk_14_3_3) & cross_up(stochrsi_k_14_14_3_3, stochrsi_d_14_14_3_3) & cross_up(rsi_14, 20.0)"
T612,"(relative_volume > 1.0) & (change_1w_percent < 15.0) & cross_up(stochk_14_3_3, 20.0) & cross_down(stochd_14_3_3, stochk_14_3_3) & cross_up(stochrsi_k_14_14_3_3, stochrsi_d_14_14_3_3) & cross_up(rsi_14, 25.0)"
T613,"(relative_volume > 1.0) & (change_1w_percent < 15.0) & cross_up(stochk_14_3_3, 20.0) & cross_down(stochd_14_3_3, stochk_14_3_3) & cross_up(stochrsi_k_14_14_3_3, stochrsi_d_14_14_3_3) & cross_up(rsi_14, 30.0)"
T614,"(relative_volume > 1.0) & (change_1w_percent < 15.0) & cross_up(stochk_14_3_3, 20.0) & cross_down(stochd_14_3_3, stochk_14_3_3) & cross_up(stochrsi_k_14_14_3_3, stochrsi_d_14_14_3_3) & cross_up(rsi_14, 35.0)"
T615,"(relative_volume > 1.0) & (change_1w_percent < 15.0) & cross_up(stochk_14_3_3, 20.0) & cross_down(stochd_14_3_3, stochk_14_3_3) & cross_up(stochrsi_k_14_14_3_3, stochrsi_d_14_14_3_3) & cross_up(rsi_14, 40.0)"
T616,"(relative_volume > 1.0) & (change_1w_percent < 15.0) & cross_up(stochk_14_3_3, 20.0) & cross_down(stochd_14_3_3, stochk_14_3_3) & cross_up(stochrsi_k_14_14_3_3, stochrsi_d_14_14_3_3) & cross_up(rsi_14, 45.0)"
T617,"(relative_volume > 1.0) & (change_1w_percent < 15.0) & cross_up(stochk_14_3_3, 20.0) & cross_down(stochd_14_3_3, stochk_14_3_3) & cross_up(stochrsi_k_14_14_3_3, stochrsi_d_14_14_3_3) & cross_up(rsi_14, 50.0)"
T618,"(relative_volume > 1.0) & (change_1w_percent < 15.0) & cross_up(stochk_14_3_3, 20.0) & cross_down(stochd_14_3_3, stochk_14_3_3) & cross_up(stochrsi_k_14_14_3_3, stochrsi_d_14_14_3_3) & cross_up(rsi_14, 55.0)"
T619,"(relative_volume > 1.0) & (change_1w_percent < 15.0) & cross_up(stochk_14_3_3, 20.0) & cross_down(stochd_14_3_3, stochk_14_3_3) & cross_up(stochrsi_k_14_14_3_3, stochrsi_d_14_14_3_3) & cross_up(rsi_14, 60.0)"
T619-65,"(relative_volume > 1.0) & (change_1w_percent < 15.0) & cross_up(stochk_14_3_3, 20.0) & cross_down(stochd_14_3_3, stochk_14_3_3) & cross_up(stochrsi_k_14_14_3_3, stochrsi_d_14_14_3_3) & cross_up(rsi_14, 65.0)"
T620,"(relative_volume > 1.0) & (change_1w_percent < 15.0) & cross_up(stochk_14_3_3, 20.0) & cross_down(stochd_14_3_3, stochk_14_3_3) & cross_up(stochrsi_k_14_14_3_3, stochrsi_d_14_14_3_3) & cross_up(rsi_14, 70.0)"
T620-75,"(relative_volume > 1.0) & (change_1w_percent < 15.0) & cross_up(stochk_14_3_3, 20.0) & cross_down(stochd_14_3_3, stochk_14_3_3) & cross_up(stochrsi_k_14_14_3_3, stochrsi_d_14_14_3_3) & cross_up(rsi_14, 75.0)"
T621,"(relative_volume > 1.0) & (change_1w_percent < 15.0) & cross_up(macd_line, macd_signal) & cross_up(rsi_14, 20.0)"
T622,"(relative_volume > 1.0) & (change_1w_percent < 15.0) & cross_up(macd_line, macd_signal) & cross_up(rsi_14, 25.0)"
T623,"(relative_volume > 1.0) & (change_1w_percent < 15.0) & cross_up(macd_line, macd_signal) & cross_up(rsi_14, 30.0)"
T624,"(relative_volume > 1.0) & (change_1w_percent < 15.0) & cross_up(macd_line, macd_signal) & cross_up(rsi_14, 35.0)"
T625,"(relative_volume > 1.0) & (change_1w_percent < 15.0) & cross_up(macd_line, macd_signal) & cross_up(rsi_14, 40.0)"
T626,"(relative_volume > 1.3) & (change_1w_percent < 15.0) & cross_up(macd_line, macd_signal) & cross_up(rsi_14, 45.0)"
T627,"(relative_volume > 1.3) & (change_1w_percent < 15.0) & cross_up(macd_line, macd_signal) & cross_up(rsi_14, 50.0)"
T628,"(relative_volume > 1.3) & (change_1w_percent < 15.0) & cross_up(macd_line, macd_signal) & cross_up(rsi_14, 55.0)"
T629,"(relative_volume > 1.0) & (change_1w_percent < 15.0) & cross_up(macd_line, macd_signal) & cross_up(rsi_14, 60.0)"
T629-65,"(relative_volume > 1.0) & (change_1w_percent < 15.0) & cross_up(macd_line, macd_signal) & cross_up(rsi_14, 65.0)"
T630,"(relative_volume > 1.0) & (change_1w_percent < 15.0) & cross_up(macd_line, macd_signal) & cross_up(rsi_14, 70.0)"
T630-75,"(relative_volume > 1.0) & (change_1w_percent < 15.0) & cross_up(macd_line, macd_signal) & cross_up(rsi_14, 75.0)"
T631,"(relative_volume > 1.0) & (change_1w_percent < 15.0) & cross_up(macd_line, 0.0) & cross_up(rsi_14, 20.0)"
T632,"(relative_volume > 1.0) & (change_1w_percent < 15.0) & cross_up(macd_line, 0.0) & cross_up(rsi_14, 25.0)"
T633,"(relative_volume > 1.0) & (change_1w_percent < 15.0) & cross_up(macd_line, 0.0) & cross_up(rsi_14, 30.0)"
T634,"(relative_volume > 1.0) & (change_1w_percent < 15.0) & cross_up(macd_line, 0.0) & cross_up(rsi_14, 35.0)"
T635,"(relative_volume > 1.0) & (change_1w_percent < 15.0) & cross_up(macd_line, 0.0) & cross_up(rsi_14, 40.0)"
T636,"(relative_volume > 1.0) & (change_1w_percent < 15.0) & cross_up(macd_line, 0.0) & cross_up(rsi_14, 45.0)"
T637,"(relative_volume > 1.0) & (change_1w_percent < 15.0) & cross_up(macd_line, 0.0) & cross_up(rsi_14, 50.0)"
T638,"(relative_volume > 1.0) & (change_1w_percent < 15.0) & cross_up(macd_line, 0.0) & cross_up(rsi_14, 55.0)"
T639,"(relative_volume > 1.0) & (change_1w_percent < 15.0) & cross_up(macd_line, 0.0) & cross_up(rsi_14, 60.0)"
T639-65,"(relative_volume > 1.0) & (change_1w_percent < 15.0) & cross_up(macd_line, 0.0) & cross_up(rsi_14, 65.0)"
T640,"(relative_volume > 1.0) & (change_1w_percent < 15.0) & cross_up(macd_line, 0.0) & cross_up(rsi_14, 70.0)"
T640-75,"(relative_volume > 1.0) & (change_1w_percent < 15.0) & cross_up(macd_line, 0.0) & cross_up(rsi_14, 75.0)"
T641,"(relative_volume > 1.0) & (change_1w_percent < 15.0) & cross_down(psarl_0_02_0_2, close) & cross_up(rsi_14, 20.0)"
T642,"(relative_volume > 1.0) & (change_1w_percent < 15.0) & cross_down(psarl_0_02_0_2, close) & cross_up(rsi_14, 25.0)"
T643,"(relative_volume > 1.0) & (change_1w_percent < 15.0) & cross_down(psarl_0_02_0_2, close) & cross_up(rsi_14, 30.0)"
T644,"(relative_volume > 1.0) & (change_1w_percent < 15.0) & cross_down(psarl_0_02_0_2, close) & cross_up(rsi_14, 35.0)"
T645,"(relative_volume > 1.0) & (change_1w_percent < 15.0) & cross_down(psarl_0_02_0_2, close) & cross_up(rsi_14, 40.0)"
T646,"(relative_volume > 1.0) & (change_1w_percent < 15.0) & cross_down(psarl_0_02_0_2, close) & cross_up(rsi_14, 45.0)"
T647,"(relative_volume > 1.0) & (change_1w_percent < 15.0) & cross_down(psarl_0_02_0_2, close) & cross_up(rsi_14, 50.0)"
T648,"(relative_volume > 1.3) & (change_1w_percent < 15.0) & cross_down(psarl_0_02_0_2, close) & cross_up(rsi_14, 55.0)"
T649,"(relative_volume > 1.3) & (change_1w_percent < 15.0) & cross_down(psarl_0_02_0_2, close) & cross_up(rsi_14, 60.0)"
T649-65,"(relative_volume > 1.0) & (change_1w_percent < 15.0) & cross_down(psarl_0_02_0_2, close) & cross_up(rsi_14, 65.0)"
T650,"(relative_volume > 1.0) & (change_1w_percent < 15.0) & cross_down(psarl_0_02_0_2, close) & cross_up(rsi_14, 70.0)"
T650-75,"(relative_volume > 1.0) & (change_1w_percent < 15.0) & cross_down(psarl_0_02_0_2, close) & cross_up(rsi_14, 75.0)"
T651,"(relative_volume > 1.0) & (change_1w_percent < 15.0) & cross_up(ichimoku_conversionline, ichimoku_baseline) & cross_up(rsi_14, 20.0)"
T652,"(relative_volume > 1.0) & (change_1w_percent < 15.0) & cross_up(ichimoku_conversionline, ichimoku_baseline) & cross_up(rsi_14, 25.0)"
T653,"(relative_volume > 1.0) & (change_1w_percent < 15.0) & cross_up(ichimoku_conversionline, ichimoku_baseline) & cross_up(rsi_14, 30.0)"
T654,"(relative_volume > 1.0) & (change_1w_percent < 15.0) & cross_up(ichimoku_conversionline, ichimoku_baseline) & cross_up(rsi_14, 35.0)"
T655,"(relative_volume > 1.0) & (change_1w_percent < 15.0) & cross_up(ichimoku_conversionline, ichimoku_baseline) & cross_up(rsi_14, 40.0)"
T656,"(relative_volume > 1.0) & (change_1w_percent < 15.0) & cross_up(ichimoku_conversionline, ichimoku_baseline) & cross_up(rsi_14, 45.0)"
T657,"(relative_volume > 1.0) & (change_1w_percent < 15.0) & cross_up(ichimoku_conversionline, ichimoku_baseline) & cross_up(rsi_14, 50.0)"
T658,"(relative_volume > 1.0) & (change_1w_percent < 15.0) & cross_up(ichimoku_conversionline, ichimoku_baseline) & cross_up(rsi_14, 55.0)"
T659,"(relative_volume > 1.0) & (change_1w_percent < 15.0) & cross_up(ichimoku_conversionline, ichimoku_baseline) & cross_up(rsi_14, 60.0)"
T659-65,"(relative_volume > 1.0) & (change_1w_percent < 15.0) & cross_up(ichimoku_conversionline, ichimoku_baseline) & cross_up(rsi_14, 65.0)"
T660,"(relative_volume > 1.0) & (change_1w_percent < 15.0) & cross_up(ichimoku_conversionline, ichimoku_baseline) & cross_up(rsi_14, 70.0)"
T660-75,"(relative_volume > 1.0) & (change_1w_percent < 15.0) & cross_up(ichimoku_conversionline, ichimoku_baseline) & cross_up(rsi_14, 75.0)"
T661,"(relative_volume > 1.0) & (change_1w_percent < 15.0) & (stochk_14_3_3 > stochd_14_3_3) & (stochrsi_k_14_14_3_3 > stochrsi_d_14_14_3_3) & cross_down(hma_9, close) & cross_up(rsi_14, 20.0)"
T662,"(relative_volume > 1.0) & (change_1w_percent < 15.0) & (stochk_14_3_3 > stochd_14_3_3) & (stochrsi_k_14_14_3_3 > stochrsi_d_14_14_3_3) & cross_down(hma_9, close) & cross_up(rsi_14, 25.0)"
T663,"(relative_volume > 1.0) & (change_1w_percent < 15.0) & (stochk_14_3_3 > stochd_14_3_3) & (stochrsi_k_14_14_3_3 > stochrsi_d_14_14_3_3) & cross_down(hma_9, close) & cross_up(rsi_14, 30.0)"
T664,"(relative_volume > 1.0) & (change_1w_percent < 15.0) & (stochk_14_3_3 > stochd_14_3_3) & (stochrsi_k_14_14_3_3 > stochrsi_d_14_14_3_3) & cross_down(hma_9, close) & cross_up(rsi_14, 35.0)"
T665,"(relative_volume > 1.0) & (change_1w_percent < 15.0) & (stochk_14_3_3 > stochd_14_3_3) & (stochrsi_k_14_14_3_3 > stochrsi_d_14_14_3_3) & cross_down(hma_9, close) & cross_up(rsi_14, 40.0)"
T666,"(relative_volume > 1.0) & (change_1w_percent < 15.0) & (stochk_14_3_3 > stochd_14_3_3) & (stochrsi_k_14_14_3_3 > stochrsi_d_14_14_3_3) & cross_down(hma_9, close) & cross_up(rsi_14, 45.0)"
T667,"(relative_volume > 1.3) & (change_1w_percent < 15.0) & (stochk_14_3_3 > stochd_14_3_3) & (stochrsi_k_14_14_3_3 > stochrsi_d_14_14_3_3) & cross_down(hma_9, close) & cross_up(rsi_14, 50.0)"
T668,"(relative_volume > 1.3) & (change_1w_percent < 15.0) & (stochk_14_3_3 > stochd_14_3_3) & (stochrsi_k_14_14_3_3 > stochrsi_d_14_14_3_3) & cross_down(hma_9, close) & cross_up(rsi_14, 55.0)"
T669,"(relative_volume > 1.3) & (change_1w_percent < 15.0) & (stochk_14_3_3 > stochd_14_3_3) & (stochrsi_k_14_14_3_3 > stochrsi_d_14_14_3_3) & cross_down(hma_9, close) & cross_up(rsi_14, 60.0)"
T669-65,"(relative_volume > 1.0) & (change_1w_percent < 15.0) & (stochk_14_3_3 > stochd_14_3_3) & (stochrsi_k_14_14_3_3 > stochrsi_d_14_14_3_3) & cross_down(hma_9, close) & cross_up(rsi_14, 65.0)"
T670,"(relative_volume > 1.0) & (change_1w_percent < 15.0) & (stochk_14_3_3 > stochd_14_3_3) & (stochrsi_k_14_14_3_3 > stochrsi_d_14_14_3_3) & cross_down(hma_9, close) & cross_up(rsi_14, 70.0)"
T670-75,"(relative_volume > 1.0) & (change_1w_percent < 15.0) & (stochk_14_3_3 > stochd_14_3_3) & (stochrsi_k_14_14_3_3 > stochrsi_d_14_14_3_3) & cross_down(hma_9, close) & cross_up(rsi_14, 75.0)"
T671,"(relative_volume > 1.0) & (change_1w_percent < 15.0) & (stochk_14_3_3 > stochd_14_3_3) & (stochrsi_k_14_14_3_3 > stochrsi_d_14_14_3_3) & (hma_9 < close) & (macd_line > macd_signal) & (psarl_0_02_0_2 < close) & cross_up(rsi_14, 20.0)"
T672,"(relative_volume > 1.0) & (change_1w_percent < 15.0) & (stochk_14_3_3 > stochd_14_3_3) & (stochrsi_k_14_14_3_3 > stochrsi_d_14_14_3_3) & (hma_9 < close) & (macd_line > macd_signal) & (psarl_0_02_0_2 < close) & cross_up(rsi_14, 25.0)"
T673,"(relative_volume > 1.0) & (change_1w_percent < 15.0) & (stochk_14_3_3 > stochd_14_3_3) & (stochrsi_k_14_14_3_3 > stochrsi_d_14_14_3_3) & (hma_9 < close) & (macd_line > macd_signal) & (psarl_0_02_0_2 < close) & cross_up(rsi_14, 30.0)"
T674,"(relative_volume > 1.0) & (change_1w_percent < 15.0) & (stochk_14_3_3 > stochd_14_3_3) & (stochrsi_k_14_14_3_3 > stochrsi_d_14_14_3_3) & (hma_9 < close) & (macd_line > macd_signal) & (psarl_0_02_0_2 < close) & cross_up(rsi_14, 35.0)"
T675,"(relative_volume > 1.0) & (change_1w_percent < 15.0) & (stochk_14_3_3 > stochd_14_3_3) & (stochrsi_k_14_14_3_3 > stochrsi_d_14_14_3_3) & (hma_9 < close) & (macd_line > macd_signal) & (psarl_0_02_0_2 < close) & cross_up(rsi_14, 40.0)"
T676,"(relative_volume > 1.3) & (change_1w_percent < 15.0) & (stochk_14_3_3 > stochd_14_3_3) & (stochrsi_k_14_14_3_3 > stochrsi_d_14_14_3_3) & (hma_9 < close) & (macd_line > macd_signal) & (psarl_0_02_0_2 < close) & cross_up(rsi_14, 45.0)"
T677,"(relative_volume > 1.9) & (change_1w_percent < 15.0) & (stochk_14_3_3 > stochd_14_3_3) & (stochrsi_k_14_14_3_3 > stochrsi_d_14_14_3_3) & (hma_9 < close) & (macd_line > macd_signal) & (psarl_0_02_0_2 < close) & cross_up(rsi_14, 50.0)"
T678,"(relative_volume > 1.9) & (change_1w_percent < 15.0) & (stochk_14_3_3 > stochd_14_3_3) & (stochrsi_k_14_14_3_3 > stochrsi_d_14_14_3_3) & (hma_9 < close) & (macd_line > macd_signal) & (psarl_0_02_0_2 < close) & cross_up(rsi_14, 55.0)"
T679,"(relative_volume > 1.3) & (change_1w_percent < 15.0) & (stochk_14_3_3 > stochd_14_3_3) & (stochrsi_k_14_14_3_3 > stochrsi_d_14_14_3_3) & (hma_9 < close) & (macd_line > macd_signal) & (psarl_0_02_0_2 < close) & cross_up(rsi_14, 60.0)"
T679-65,"(relative_volume > 1.0) & (change_1w_percent < 15.0) & (stochk_14_3_3 > stochd_14_3_3) & (stochrsi_k_14_14_3_3 > stochrsi_d_14_14_3_3) & (hma_9 < close) & (macd_line > macd_signal) & (psarl_0_02_0_2 < close) & cross_up(rsi_14, 65.0)"
T680,"(relative_volume > 1.0) & (change_1w_percent < 15.0) & (stochk_14_3_3 > stochd_14_3_3) & (stochrsi_k_14_14_3_3 > stochrsi_d_14_14_3_3) & (hma_9 < close) & (macd_line > macd_signal) & (psarl_0_02_0_2 < close) & cross_up(rsi_14, 70.0)"
T680-75,"(relative_volume > 1.0) & (change_1w_percent < 15.0) & (stochk_14_3_3 > stochd_14_3_3) & (stochrsi_k_14_14_3_3 > stochrsi_d_14_14_3_3) & (hma_9 < close) & (macd_line > macd_signal) & (psarl_0_02_0_2 < close) & cross_up(rsi_14, 75.0)"
T681,"(relative_volume > 1.0) & (change_1w_percent < 15.0) & (stochk_14_3_3 > stochd_14_3_3) & (stochrsi_k_14_14_3_3 > stochrsi_d_14_14_3_3) & (hma_9 < close) & (macd_line > macd_signal) & (psarl_0_02_0_2 < close) & (ichimoku_conversionline > ichimoku_baseline) & cross_up(rsi_14, 20.0)"
T682,"(relative_volume > 1.0) & (change_1w_percent < 15.0) & (stochk_14_3_3 > stochd_14_3_3) & (stochrsi_k_14_14_3_3 > stochrsi_d_14_14_3_3) & (hma_9 < close) & (macd_line > macd_signal) & (psarl_0_02_0_2 < close) & (ichimoku_conversionline > ichimoku_baseline) & cross_up(rsi_14, 25.0)"
T683,"(relative_volume > 1.0) & (change_1w_percent < 15.0) & (stochk_14_3_3 > stochd_14_3_3) & (stochrsi_k_14_14_3_3 > stochrsi_d_14_14_3_3) & (hma_9 < close) & (macd_line > macd_signal) & (psarl_0_02_0_2 < close) & (ichimoku_conversionline > ichimoku_baseline) & cross_up(rsi_14, 30.0)"
T684,"(relative_volume > 1.0) & (change_1w_percent < 15.0) & (stochk_14_3_3 > stochd_14_3_3) & (stochrsi_k_14_14_3_3 > stochrsi_d_14_14_3_3) & (hma_9 < close) & (macd_line > macd_signal) & (psarl_0_02_0_2 < close) & (ichimoku_conversionline > ichimoku_baseline) & cross_up(rsi_14, 35.0)"
T685,"(relative_volume > 1.0) & (change_1w_percent < 15.0) & (stochk_14_3_3 > stochd_14_3_3) & (stochrsi_k_14_14_3_3 > stochrsi_d_14_14_3_3) & (hma_9 < close) & (macd_line > macd_signal) & (psarl_0_02_0_2 < close) & (ichimoku_conversionline > ichimoku_baseline) & cross_up(rsi_14, 40.0)"
T686,"(relative_volume > 1.0) & (change_1w_percent < 15.0) & (stochk_14_3_3 > stochd_14_3_3) & (stochrsi_k_14_14_3_3 > stochrsi_d_14_14_3_3) & (hma_9 < close) & (macd_line > macd_signal) & (psarl_0_02_0_2 < close) & (ichimoku_conversionline > ichimoku_baseline) & cross_up(rsi_14, 45.0)"
T687,"(relative_volume > 1.0) & (change_1w_percent < 15.0) & (stochk_14_3_3 > stochd_14_3_3) & (stochrsi_k_14_14_3_3 > stochrsi_d_14_14_3_3) & (hma_9 < close) & (macd_line > macd_signal) & (psarl_0_02_0_2 < close) & (ichimoku_conversionline > ichimoku_baseline) & cross_up(rsi_14, 50.0)"
T688,"(relative_volume > 1.0) & (change_1w_percent < 15.0) & (stochk_14_3_3 > stochd_14_3_3) & (stochrsi_k_14_14_3_3 > stochrsi_d_14_14_3_3) & (hma_9 < close) & (macd_line > macd_signal) & (psarl_0_02_0_2 < close) & (ichimoku_conversionline > ichimoku_baseline) & cross_up(rsi_14, 55.0)"
T689,"(relative_volume > 1.0) & (change_1w_percent < 15.0) & (stochk_14_3_3 > stochd_14_3_3) & (stochrsi_k_14_14_3_3 > stochrsi_d_14_14_3_3) & (hma_9 < close) & (macd_line > macd_signal) & (psarl_0_02_0_2 < close) & (ichimoku_conversionline > ichimoku_baseline) & cross_up(rsi_14, 60.0)"
T689-65,"(relative_volume > 1.0) & (change_1w_percent < 15.0) & (stochk_14_3_3 > stochd_14_3_3) & (stochrsi_k_14_14_3_3 > stochrsi_d_14_14_3_3) & (hma_9 < close) & (macd_line > macd_signal) & (psarl_0_02_0_2 < close) & (ichimoku_conversionline > ichimoku_baseline) & cross_up(rsi_14, 65.0)"
T690,"(relative_volume > 1.0) & (change_1w_percent < 15.0) & (stochk_14_3_3 > stochd_14_3_3) & (stochrsi_k_14_14_3_3 > stochrsi_d_14_14_3_3) & (hma_9 < close) & (macd_line > macd_signal) & (psarl_0_02_0_2 < close) & (ichimoku_conversionline > ichimoku_baseline) & cross_up(rsi_14, 70.0)"
T690-75,"(relative_volume > 1.0) & (change_1w_percent < 15.0) & (stochk_14_3_3 > stochd_14_3_3) & (stochrsi_k_14_14_3_3 > stochrsi_d_14_14_3_3) & (hma_9 < close) & (macd_line > macd_signal) & (psarl_0_02_0_2 < close) & (ichimoku_conversionline > ichimoku_baseline) & cross_up(rsi_14, 75.0)"
T691,"(relative_volume > 1.0) & (change_1w_percent < 15.0) & cross_up(stochk_14_3_3, stochd_14_3_3) & cross_up(stochrsi_k_14_14_3_3, stochrsi_d_14_14_3_3) & cross_down(hma_9, close) & cross_up(macd_line, macd_signal) & cross_down(psarl_0_02_0_2, close) & (rsi_14 < 70.0)"
T701,"(relative_volume > 1.3) & (change_1w_percent < 15.0) & (rsi_14 < 75.0) & cross_down(ema_5, close) & cross_down(ema_10, close) & cross_down(ema_20, close) & cross_down(sma_5, close) & cross_down(sma_10, close) & cross_down(sma_20, close)"
T702,"(relative_volume > 1.3) & (change_1w_percent < 15.0) & (rsi_14 < 75.0) & cross_down(ema_30, close) & cross_down(ema_50, close) & cross_down(sma_30, close) & cross_down(sma_50, close)"
T703,"(relative_volume > 1.3) & (change_1w_percent < 15.0) & (rsi_14 < 75.0) & cross_down(ema_100, close) & cross_down(ema_200, close) & cross_down(sma_100, close) & cross_down(sma_200, close)"
T704,"(relative_volume > 1.3) & (change_1w_percent < 15.0) & (rsi_14 < 75.0) & (ema_5 < close) & (ema_10 < close) & (ema_20 < close) & (ema_30 < close) & (ema_50 < close) & (ema_100 < close) & (ema_200 < close) & (sma_5 < close) & (sma_10 < close) & (sma_20 < close) & (sma_30 < close) & (sma_50 < close) & (sma_100 < close) & (sma_200 < close) & cross_up(stochk_14_3_3, stochd_14_3_3) & cross_up(stochrsi_k_14_14_3_3, stochrsi_d_14_14_3_3)"
T705,"(relative_volume > 1.3) & (change_1w_percent < 15.0) & (rsi_14 < 75.0) & (ema_5 < close) & (ema_10 < close) & (ema_20 < close) & (ema_30 < close) & (ema_50 < close) & (ema_100 < close) & (ema_200 < close) & (sma_5 < close) & (sma_10 < close) & (sma_20 < close) & (sma_30 < close) & (sma_50 < close) & (sma_100 < close) & (sma_200 < close) & cross_up(macd_line, macd_signal)"
T706,"(relative_volume > 1.3) & (change_1w_percent < 15.0) & (rsi_14 < 75.0) & (ema_5 < close) & (ema_10 < close) & (ema_20 < close) & (ema_30 < close) & (ema_50 < close) & (ema_100 < close) & (ema_200 < close) & (sma_5 < close) & (sma_10 < close) & (sma_20 < close) & (sma_30 < close) & (sma_50 < close) & (sma_100 < close) & (sma_200 < close) & cross_down(psarl_0_02_0_2, close)"
T707,"(relative_volume > 1.3) & (change_1w_percent < 15.0) & (rsi_14 < 75.0) & (ema_5 < close) & (ema_10 < close) & (ema_20 < close) & (ema_30 < close) & (ema_50 < close) & (ema_100 < close) & (ema_200 < close) & (sma_5 < close) & (sma_10 < close) & (sma_20 < close) & (sma_30 < close) & (sma_50 < close) & (sma_100 < close) & (sma_200 < close) & cross_down(hma_9, close)"
T708,(relative_volume > 1.3) & (change_1w_percent < 15.0) & (rsi_14 < 75.0) & (ema_5 < close) & (ema_10 < close) & (ema_20 < close) & (ema_30 < close) & (ema_50 < close) & (ema_100 < close) & (ema_200 < close) & (sma_5 < close) & (sma_10 < close) & (sma_20 < close) & (sma_30 < close) & (sma_50 < close) & (sma_100 < close) & (sma_200 < close) & (hma_9 < close) & (stochk_14_3_3 > stochd_14_3_3) & (macd_line > macd_signal) & (psarl_0_02_0_2 < close) & (stochrsi_k_14_14_3_3 > stochrsi_d_14_14_3_3) & (ichimoku_conversionline > ichimoku_baseline)
T709,"(relative_volume > 1.3) & (change_1w_percent < 15.0) & (rsi_14 < 75.0) & cross_down(ema_5, close) & cross_down(ema_10, close) & cross_down(ema_20, close) & cross_down(sma_5, close) & cross_down(sma_10, close) & cross_down(sma_20, close) & cross_up(stochk_14_3_3, stochd_14_3_3) & cross_up(stochrsi_k_14_14_3_3, stochrsi_d_14_14_3_3)"
T710,"(relative_volume > 1.3) & (change_1w_percent < 15.0) & (rsi_14 < 75.0) & cross_down(ema_5, close) & cross_down(ema_10, close) & cross_down(ema_20, close) & cross_down(sma_5, close) & cross_down(sma_10, close) & cross_down(sma_20, close) & cross_up(macd_line, macd_signal)"
T711,"(relative_volume > 1.3) & (change_1w_percent < 15.0) & (rsi_14 < 75.0) & cross_down(ema_5, close) & cross_down(ema_10, close) & cross_down(ema_20, close) & cross_down(sma_5, close) & cross_down(sma_10, close) & cross_down(sma_20, close) & cross_down(psarl_0_02_0_2, close)"
T712,"(relative_volume > 1.3) & (change_1w_percent < 15.0) & (rsi_14 < 75.0) & cross_down(ema_5, close) & cross_down(ema_10, close) & cross_down(ema_20, close) & cross_down(sma_5, close) & cross_down(sma_10, close) & cross_down(sma_20, close) & cross_down(hma_9, close)"
T713,"(relative_volume > 1.3) & (change_1w_percent < 15.0) & (rsi_14 < 75.0) & cross_down(ema_20, close) & cross_down(ema_30, close) & cross_down(sma_20, close) & cross_down(sma_30, close) & cross_up(stochk_14_3_3, stochd_14_3_3) & cross_up(stochrsi_k_14_14_3_3, stochrsi_d_14_14_3_3)"
T714,"(relative_volume > 1.3) & (change_1w_percent < 15.0) & (rsi_14 < 75.0) & cross_down(ema_20, close) & cross_down(ema_30, close) & cross_down(sma_20, close) & cross_down(sma_30, close) & cross_up(stochk_14_3_3, stochd_14_3_3) & cross_up(macd_line, macd_signal)"
T715,"(relative_volume > 1.3) & (change_1w_percent < 15.0) & (rsi_14 < 75.0) & cross_down(ema_20, close) & cross_down(ema_30, close) & cross_down(sma_20, close) & cross_down(sma_30, close) & cross_up(stochk_14_3_3, stochd_14_3_3) & cross_down(psarl_0_02_0_2, close)"
T716,"(relative_volume > 1.3) & (change_1w_percent < 15.0) & (rsi_14 < 75.0) & cross_down(ema_20, close) & cross_down(ema_30, close) & cross_down(sma_20, close) & cross_down(sma_30, close) & cross_up(stochk_14_3_3, stochd_14_3_3) & cross_down(hma_9, close)"
T717,"(relative_volume > 1.3) & (change_1w_percent < 15.0) & (rsi_14 < 75.0) & cross_down(sma_200, close) & cross_up(stochk_14_3_3, stochd_14_3_3) & cross_up(stochrsi_k_14_14_3_3, stochrsi_d_14_14_3_3) & (macd_line > macd_signal) & (psarl_0_02_0_2 < close) & (hma_9 < close)"
T718,"(relative_volume > 1.3) & (change_1w_percent < 15.0) & (rsi_14 < 75.0) & cross_down(sma_100, close) & cross_up(stochk_14_3_3, stochd_14_3_3) & cross_up(stochrsi_k_14_14_3_3, stochrsi_d_14_14_3_3) & (macd_line > macd_signal) & (psarl_0_02_0_2 < close) & (hma_9 < close)"
T719,"(relative_volume > 1.5) & (change_1w_percent < 15.0) & (rsi_14 < 75.0) & cross_down(sma_50, close) & cross_up(stochk_14_3_3, stochd_14_3_3) & cross_up(stochrsi_k_14_14_3_3, stochrsi_d_14_14_3_3) & (macd_line > macd_signal) & (psarl_0_02_0_2 < close) & (hma_9 < close)"
T720,"(relative_volume > 1.6) & (change_1w_percent < 15.0) & (rsi_14 < 75.0) & cross_down(sma_30, close) & cross_up(stochk_14_3_3, stochd_14_3_3) & cross_up(stochrsi_k_14_14_3_3, stochrsi_d_14_14_3_3) & (macd_line > macd_signal) & (psarl_0_02_0_2 < close) & (hma_9 < close)"
T721,"(relative_volume > 1.7) & (change_1w_percent < 15.0) & (rsi_14 < 75.0) & cross_down(sma_20, close) & cross_up(stochk_14_3_3, stochd_14_3_3) & cross_up(stochrsi_k_14_14_3_3, stochrsi_d_14_14_3_3) & (macd_line > macd_signal) & (psarl_0_02_0_2 < close) & (hma_9 < close)"
T722,"(relative_volume > 1.7) & (change_1w_percent < 15.0) & (rsi_14 < 75.0) & cross_down(sma_5, close) & cross_down(sma_10, close) & cross_up(stochk_14_3_3, stochd_14_3_3) & cross_up(stochrsi_k_14_14_3_3, stochrsi_d_14_14_3_3) & (macd_line > macd_signal) & (psarl_0_02_0_2 < close) & (hma_9 < close)"
T801,"(relative_volume > 1.0) & (change_1w_percent < 15.0) & cross_up(dmp_14, dmn_14) & cross_up(rsi_14, 20.0)"
T802,"(relative_volume > 1.0) & (change_1w_percent < 15.0) & cross_up(dmp_14, dmn_14) & cross_up(rsi_14, 25.0)"
T803,"(relative_volume > 1.0) & (change_1w_percent < 15.0) & cross_up(dmp_14, dmn_14) & cross_up(rsi_14, 30.0)"
T804,"(relative_volume > 1.3) & (change_1w_percent < 15.0) & cross_up(dmp_14, dmn_14) & cross_up(rsi_14, 35.0)"
T805,"(relative_volume > 1.3) & (change_1w_percent < 15.0) & cross_up(dmp_14, dmn_14) & cross_up(rsi_14, 40.0)"
T806,"(relative_volume > 1.3) & (change_1w_percent < 15.0) & cross_up(dmp_14, dmn_14) & cross_up(rsi_14, 45.0)"
T807,"(relative_volume > 1.3) & (change_1w_percent < 15.0) & cross_up(dmp_14, dmn_14) & cross_up(rsi_14, 50.0)"
T808,"(relative_volume > 1.0) & (change_1w_percent < 15.0) & cross_up(dmp_14, dmn_14) & cross_up(rsi_14, 55.0)"
T809,"(relative_volume > 1.0) & (change_1w_percent < 15.0) & cross_up(dmp_14, dmn_14) & cross_up(rsi_14, 60.0)"
T809-65,"(relative_volume > 1.0) & (change_1w_percent < 15.0) & cross_up(dmp_14, dmn_14) & cross_up(rsi_14, 65.0)"
T810,"(relative_volume > 1.0) & (change_1w_percent < 15.0) & cross_up(dmp_14, dmn_14) & cross_up(rsi_14, 70.0)"
T810-75,"(relative_volume > 1.0) & (change_1w_percent < 15.0) & cross_up(dmp_14, dmn_14) & cross_up(rsi_14, 75.0)"
T811,"(relative_volume > 1.5) & (change_1w_percent < 15.0) & cross_up(stochk_14_3_3, stochd_14_3_3) & cross_up(stochrsi_k_14_14_3_3, stochrsi_d_14_14_3_3) & cross_down(hma_9, close)"
T812,"(relative_volume > 1.5) & (change_1w_percent < 15.0) & cross_up(stochk_14_3_3, stochd_14_3_3) & cross_up(stochrsi_k_14_14_3_3, stochrsi_d_14_14_3_3) & cross_down(hma_9, close) & cross_up(close, sma_200)"
T813,"(relative_volume > 1.3) & (change_1w_percent < 15.0) & cross_down(sma_5, close) & cross_down(sma_10, close) & cross_down(sma_20, close) & cross_up(stochk_14_3_3, stochd_14_3_3) & cross_up(stochrsi_k_14_14_3_3, stochrsi_d_14_14_3_3) & cross_down(hma_9, close)"
T814,"(relative_volume > 1.3) & (change_1w_percent < 15.0) & cross_down(ema_5, close) & cross_down(ema_10, close) & cross_down(ema_20, close) & cross_down(sma_5, close) & cross_down(sma_10, close) & cross_down(sma_20, close) & cross_up(stochk_14_3_3, stochd_14_3_3) & cross_up(stochrsi_k_14_14_3_3, stochrsi_d_14_14_3_3) & cross_down(hma_9, close)"
T815,"(relative_volume > 1.3) & (change_1w_percent < 15.0) & (sma_5 < close) & (sma_10 < close) & (sma_20 < close) & (sma_30 < close) & (sma_50 < close) & (sma_100 < close) & (sma_200 < close) & cross_up(stochk_14_3_3, stochd_14_3_3) & cross_up(stochrsi_k_14_14_3_3, stochrsi_d_14_14_3_3) & cross_down(hma_9, close)"
T816,"(relative_volume > 1.3) & (change_1w_percent < 15.0) & (sma_5 < close) & (sma_10 < close) & (sma_20 < close) & (sma_30 < close) & (sma_50 < close) & (sma_100 < close) & (sma_200 < close) & cross_up(stochk_14_3_3, stochd_14_3_3) & cross_up(stochrsi_k_14_14_3_3, stochrsi_d_14_14_3_3) & cross_down(hma_9, close) & (ema_5 < close) & (ema_10 < close) & (ema_20 < close) & (ema_30 < close) & (ema_50 < close) & (ema_100 < close) & (ema_200 < close)"
